,var_id_per,var_especialidad_ing
0,PRS 1,Informática
1,PRS 2,Informática
2,PRS 3,Mecánica
3,PRS 4,Mecánica
4,PRS 5,Electrónica
5,PRS 6,Química
6,PRS 7,Informática
7,PRS 8,Química
8,PRS 9,Electrónica
9,PRS 10,Química
10,PRS 11,Aeroespacial
11,PRS 12,Química
12,PRS 13,Electrónica
13,PRS 14,Electrónica
14,PRS 15,Mecánica
15,PRS 16,Informática
16,PRS 17,Mecánica
17,PRS 18,Aeroespacial
18,PRS 19,Aeroespacial
19,PRS 20,Informática
20,PRS 21,Electrónica
21,PRS 22,Mecánica
22,PRS 23,Informática
23,PRS 24,Mecánica
24,PRS 25,Electrónica
25,PRS 26,Mecánica
26,PRS 27,Aeroespacial
27,PRS 28,Telecomunicaciones
28,PRS 29,Electrónica
29,PRS 30,Telecomunicaciones
30,PRS 31,Telecomunicaciones
31,PRS 32,Informática
32,PRS 33,Telecomunicaciones
33,PRS 34,Química
34,PRS 35,Aeroespacial
35,PRS 36,Informática
36,PRS 37,Telecomunicaciones
37,PRS 38,Química
38,PRS 39,Electrónica
39,PRS 40,Aeroespacial
40,PRS 41,Electrónica
41,PRS 42,Electrónica
42,PRS 43,Telecomunicaciones
43,PRS 44,Mecánica
44,PRS 45,Informática
45,PRS 46,Telecomunicaciones
46,PRS 47,Electrónica
47,PRS 48,Informática
48,PRS 49,Telecomunicaciones
49,PRS 50,Mecánica
50,PRS 51,Telecomunicaciones
51,PRS 52,Mecánica
52,PRS 53,Informática
53,PRS 54,Informática
54,PRS 55,Aeroespacial
55,PRS 56,Telecomunicaciones
56,PRS 57,Química
57,PRS 58,Informática
58,PRS 59,Informática
59,PRS 60,Química
60,PRS 61,Telecomunicaciones
61,PRS 62,Aeroespacial
62,PRS 63,Electrónica
63,PRS 64,Aeroespacial
64,PRS 65,Mecánica
65,PRS 66,Química
66,PRS 67,Mecánica
67,PRS 68,Telecomunicaciones
68,PRS 69,Informática
69,PRS 70,Electrónica
70,PRS 71,Electrónica
71,PRS 72,Mecánica
72,PRS 73,Electrónica
73,PRS 74,Electrónica
74,PRS 75,Aeroespacial
75,PRS 76,Aeroespacial
76,PRS 77,Informática
77,PRS 78,Aeroespacial
78,PRS 79,Mecánica
79,PRS 80,Aeroespacial
80,PRS 81,Informática
81,PRS 82,Química
82,PRS 83,Informática
83,PRS 84,Telecomunicaciones
84,PRS 85,Telecomunicaciones
85,PRS 86,Mecánica
86,PRS 87,Aeroespacial
87,PRS 88,Electrónica
88,PRS 89,Química
89,PRS 90,Informática
90,PRS 91,Informática
91,PRS 92,Electrónica
92,PRS 93,Aeroespacial
93,PRS 94,Informática
94,PRS 95,Química
95,PRS 96,Mecánica
96,PRS 97,Electrónica
97,PRS 98,Mecánica
98,PRS 99,Mecánica
99,PRS 100,Mecánica
100,PRS 101,Telecomunicaciones
101,PRS 102,Telecomunicaciones
102,PRS 103,Electrónica
103,PRS 104,Química
104,PRS 105,Electrónica
105,PRS 106,Mecánica
106,PRS 107,Electrónica
107,PRS 108,Telecomunicaciones
108,PRS 109,Química
109,PRS 110,Mecánica
110,PRS 111,Química
111,PRS 112,Aeroespacial
112,PRS 113,Mecánica
113,PRS 114,Mecánica
114,PRS 115,Telecomunicaciones
115,PRS 116,Mecánica
116,PRS 117,Mecánica
117,PRS 118,Química
118,PRS 119,Aeroespacial
119,PRS 120,Aeroespacial
120,PRS 121,Mecánica
121,PRS 122,Mecánica
122,PRS 123,Mecánica
123,PRS 124,Electrónica
124,PRS 125,Mecánica
125,PRS 126,Mecánica
126,PRS 127,Aeroespacial
127,PRS 128,Química
128,PRS 129,Química
129,PRS 130,Electrónica
130,PRS 131,Aeroespacial
131,PRS 132,Electrónica
132,PRS 133,Química
133,PRS 134,Informática
134,PRS 135,Informática
135,PRS 136,Aeroespacial
136,PRS 137,Electrónica
137,PRS 138,Aeroespacial
138,PRS 139,Química
139,PRS 140,Aeroespacial
140,PRS 141,Aeroespacial
141,PRS 142,Informática
142,PRS 143,Química
143,PRS 144,Aeroespacial
144,PRS 145,Telecomunicaciones
145,PRS 146,Mecánica
146,PRS 147,Aeroespacial
147,PRS 148,Química
148,PRS 149,Electrónica
149,PRS 150,Telecomunicaciones
150,PRS 151,Química
151,PRS 152,Informática
152,PRS 153,Telecomunicaciones
153,PRS 154,Telecomunicaciones
154,PRS 155,Química
155,PRS 156,Telecomunicaciones
156,PRS 157,Electrónica
157,PRS 158,Aeroespacial
158,PRS 159,Informática
159,PRS 160,Aeroespacial
160,PRS 161,Informática
161,PRS 162,Informática
162,PRS 163,Aeroespacial
163,PRS 164,Aeroespacial
164,PRS 165,Telecomunicaciones
165,PRS 166,Aeroespacial
166,PRS 167,Informática
167,PRS 168,Química
168,PRS 169,Electrónica
169,PRS 170,Mecánica
170,PRS 171,Mecánica
171,PRS 172,Informática
172,PRS 173,Electrónica
173,PRS 174,Informática
174,PRS 175,Mecánica
175,PRS 176,Telecomunicaciones
176,PRS 177,Electrónica
177,PRS 178,Electrónica
178,PRS 179,Telecomunicaciones
179,PRS 180,Mecánica
180,PRS 181,Mecánica
181,PRS 182,Telecomunicaciones
182,PRS 183,Electrónica
183,PRS 184,Aeroespacial
184,PRS 185,Informática
185,PRS 186,Mecánica
186,PRS 187,Informática
187,PRS 188,Telecomunicaciones
188,PRS 189,Electrónica
189,PRS 190,Química
190,PRS 191,Electrónica
191,PRS 192,Telecomunicaciones
192,PRS 193,Mecánica
193,PRS 194,Aeroespacial
194,PRS 195,Aeroespacial
195,PRS 196,Química
196,PRS 197,Electrónica
197,PRS 198,Electrónica
198,PRS 199,Mecánica
199,PRS 200,Telecomunicaciones
200,PRS 201,Telecomunicaciones
201,PRS 202,Mecánica
202,PRS 203,Aeroespacial
203,PRS 204,Informática
204,PRS 205,Informática
205,PRS 206,Telecomunicaciones
206,PRS 207,Informática
207,PRS 208,Informática
208,PRS 209,Química
209,PRS 210,Mecánica
210,PRS 211,Química
211,PRS 212,Química
212,PRS 213,Telecomunicaciones
213,PRS 214,Aeroespacial
214,PRS 215,Aeroespacial
215,PRS 216,Telecomunicaciones
216,PRS 217,Telecomunicaciones
217,PRS 218,Telecomunicaciones
218,PRS 219,Aeroespacial
219,PRS 220,Informática
220,PRS 221,Química
221,PRS 222,Química
222,PRS 223,Aeroespacial
223,PRS 224,Química
224,PRS 225,Electrónica
225,PRS 226,Química
226,PRS 227,Aeroespacial
227,PRS 228,Informática
228,PRS 229,Electrónica
229,PRS 230,Informática
230,PRS 231,Telecomunicaciones
231,PRS 232,Química
232,PRS 233,Informática
233,PRS 234,Aeroespacial
234,PRS 235,Telecomunicaciones
235,PRS 236,Telecomunicaciones
236,PRS 237,Química
237,PRS 238,Electrónica
238,PRS 239,Informática
239,PRS 240,Electrónica
240,PRS 241,Electrónica
241,PRS 242,Telecomunicaciones
242,PRS 243,Aeroespacial
243,PRS 244,Informática
244,PRS 245,Química
245,PRS 246,Electrónica
246,PRS 247,Mecánica
247,PRS 248,Aeroespacial
248,PRS 249,Mecánica
249,PRS 250,Química
250,PRS 251,Informática
251,PRS 252,Informática
252,PRS 253,Química
253,PRS 254,Informática
254,PRS 255,Mecánica
255,PRS 256,Aeroespacial
256,PRS 257,Aeroespacial
257,PRS 258,Electrónica
258,PRS 259,Mecánica
259,PRS 260,Química
260,PRS 261,Química
261,PRS 262,Electrónica
262,PRS 263,Aeroespacial
263,PRS 264,Electrónica
264,PRS 265,Aeroespacial
265,PRS 266,Mecánica
266,PRS 267,Química
267,PRS 268,Telecomunicaciones
268,PRS 269,Mecánica
269,PRS 270,Mecánica
270,PRS 271,Química
271,PRS 272,Aeroespacial
272,PRS 273,Mecánica
273,PRS 274,Mecánica
274,PRS 275,Electrónica
275,PRS 276,Aeroespacial
276,PRS 277,Electrónica
277,PRS 278,Aeroespacial
278,PRS 279,Electrónica
279,PRS 280,Informática
280,PRS 281,Informática
281,PRS 282,Química
282,PRS 283,Mecánica
283,PRS 284,Telecomunicaciones
284,PRS 285,Telecomunicaciones
285,PRS 286,Electrónica
286,PRS 287,Mecánica
287,PRS 288,Aeroespacial
288,PRS 289,Informática
289,PRS 290,Informática
290,PRS 291,Electrónica
291,PRS 292,Electrónica
292,PRS 293,Informática
293,PRS 294,Mecánica
294,PRS 295,Telecomunicaciones
295,PRS 296,Mecánica
296,PRS 297,Electrónica
297,PRS 298,Electrónica
298,PRS 299,Mecánica
299,PRS 300,Informática
300,PRS 301,Química
301,PRS 302,Telecomunicaciones
302,PRS 303,Electrónica
303,PRS 304,Electrónica
304,PRS 305,Electrónica
305,PRS 306,Electrónica
306,PRS 307,Informática
307,PRS 308,Electrónica
308,PRS 309,Aeroespacial
309,PRS 310,Electrónica
310,PRS 311,Telecomunicaciones
311,PRS 312,Electrónica
312,PRS 313,Aeroespacial
313,PRS 314,Química
314,PRS 315,Electrónica
315,PRS 316,Aeroespacial
316,PRS 317,Informática
317,PRS 318,Mecánica
318,PRS 319,Telecomunicaciones
319,PRS 320,Química
320,PRS 321,Electrónica
321,PRS 322,Telecomunicaciones
322,PRS 323,Aeroespacial
323,PRS 324,Electrónica
324,PRS 325,Informática
325,PRS 326,Telecomunicaciones
326,PRS 327,Mecánica
327,PRS 328,Telecomunicaciones
328,PRS 329,Telecomunicaciones
329,PRS 330,Química
330,PRS 331,Mecánica
331,PRS 332,Telecomunicaciones
332,PRS 333,Electrónica
333,PRS 334,Electrónica
334,PRS 335,Aeroespacial
335,PRS 336,Química
336,PRS 337,Telecomunicaciones
337,PRS 338,Electrónica
338,PRS 339,Telecomunicaciones
339,PRS 340,Aeroespacial
340,PRS 341,Telecomunicaciones
341,PRS 342,Electrónica
342,PRS 343,Aeroespacial
343,PRS 344,Mecánica
344,PRS 345,Aeroespacial
345,PRS 346,Química
346,PRS 347,Informática
347,PRS 348,Química
348,PRS 349,Química
349,PRS 350,Aeroespacial
350,PRS 351,Electrónica
351,PRS 352,Telecomunicaciones
352,PRS 353,Química
353,PRS 354,Electrónica
354,PRS 355,Mecánica
355,PRS 356,Electrónica
356,PRS 357,Telecomunicaciones
357,PRS 358,Aeroespacial
358,PRS 359,Mecánica
359,PRS 360,Aeroespacial
360,PRS 361,Telecomunicaciones
361,PRS 362,Mecánica
362,PRS 363,Electrónica
363,PRS 364,Química
364,PRS 365,Informática
365,PRS 366,Aeroespacial
366,PRS 367,Mecánica
367,PRS 368,Mecánica
368,PRS 369,Telecomunicaciones
369,PRS 370,Química
370,PRS 371,Mecánica
371,PRS 372,Electrónica
372,PRS 373,Telecomunicaciones
373,PRS 374,Química
374,PRS 375,Telecomunicaciones
375,PRS 376,Química
376,PRS 377,Informática
377,PRS 378,Electrónica
378,PRS 379,Electrónica
379,PRS 380,Telecomunicaciones
380,PRS 381,Telecomunicaciones
381,PRS 382,Aeroespacial
382,PRS 383,Informática
383,PRS 384,Telecomunicaciones
384,PRS 385,Informática
385,PRS 386,Mecánica
386,PRS 387,Química
387,PRS 388,Mecánica
388,PRS 389,Química
389,PRS 390,Mecánica
390,PRS 391,Aeroespacial
391,PRS 392,Mecánica
392,PRS 393,Telecomunicaciones
393,PRS 394,Telecomunicaciones
394,PRS 395,Mecánica
395,PRS 396,Química
396,PRS 397,Mecánica
397,PRS 398,Informática
398,PRS 399,Informática
399,PRS 400,Electrónica
400,PRS 401,Telecomunicaciones
401,PRS 402,Electrónica
402,PRS 403,Aeroespacial
403,PRS 404,Mecánica
404,PRS 405,Electrónica
405,PRS 406,Química
406,PRS 407,Química
407,PRS 408,Electrónica
408,PRS 409,Mecánica
409,PRS 410,Electrónica
410,PRS 411,Mecánica
411,PRS 412,Telecomunicaciones
412,PRS 413,Informática
413,PRS 414,Mecánica
414,PRS 415,Mecánica
415,PRS 416,Aeroespacial
416,PRS 417,Informática
417,PRS 418,Mecánica
418,PRS 419,Telecomunicaciones
419,PRS 420,Telecomunicaciones
420,PRS 421,Informática
421,PRS 422,Química
422,PRS 423,Aeroespacial
423,PRS 424,Química
424,PRS 425,Aeroespacial
425,PRS 426,Aeroespacial
426,PRS 427,Aeroespacial
427,PRS 428,Telecomunicaciones
428,PRS 429,Electrónica
429,PRS 430,Mecánica
430,PRS 431,Mecánica
431,PRS 432,Informática
432,PRS 433,Mecánica
433,PRS 434,Química
434,PRS 435,Química
435,PRS 436,Informática
436,PRS 437,Aeroespacial
437,PRS 438,Electrónica
438,PRS 439,Aeroespacial
439,PRS 440,Electrónica
440,PRS 441,Aeroespacial
441,PRS 442,Telecomunicaciones
442,PRS 443,Informática
443,PRS 444,Mecánica
444,PRS 445,Mecánica
445,PRS 446,Electrónica
446,PRS 447,Electrónica
447,PRS 448,Electrónica
448,PRS 449,Telecomunicaciones
449,PRS 450,Electrónica
450,PRS 451,Química
451,PRS 452,Electrónica
452,PRS 453,Telecomunicaciones
453,PRS 454,Química
454,PRS 455,Química
455,PRS 456,Electrónica
456,PRS 457,Mecánica
457,PRS 458,Informática
458,PRS 459,Informática
459,PRS 460,Informática
460,PRS 461,Mecánica
461,PRS 462,Mecánica
462,PRS 463,Química
463,PRS 464,Electrónica
464,PRS 465,Aeroespacial
465,PRS 466,Química
466,PRS 467,Aeroespacial
467,PRS 468,Mecánica
468,PRS 469,Electrónica
469,PRS 470,Electrónica
470,PRS 471,Química
471,PRS 472,Informática
472,PRS 473,Telecomunicaciones
473,PRS 474,Electrónica
474,PRS 475,Electrónica
475,PRS 476,Telecomunicaciones
476,PRS 477,Química
477,PRS 478,Química
478,PRS 479,Química
479,PRS 480,Electrónica
480,PRS 481,Aeroespacial
481,PRS 482,Electrónica
482,PRS 483,Química
483,PRS 484,Telecomunicaciones
484,PRS 485,Electrónica
485,PRS 486,Química
486,PRS 487,Informática
487,PRS 488,Informática
488,PRS 489,Química
489,PRS 490,Química
490,PRS 491,Química
491,PRS 492,Informática
492,PRS 493,Telecomunicaciones
493,PRS 494,Mecánica
494,PRS 495,Mecánica
495,PRS 496,Telecomunicaciones
496,PRS 497,Informática
497,PRS 498,Mecánica
498,PRS 499,Mecánica
499,PRS 500,Aeroespacial
500,PRS 501,Informática
501,PRS 502,Electrónica
502,PRS 503,Mecánica
503,PRS 504,Informática
504,PRS 505,Electrónica
505,PRS 506,Electrónica
506,PRS 507,Telecomunicaciones
507,PRS 508,Informática
508,PRS 509,Electrónica
509,PRS 510,Mecánica
510,PRS 511,Aeroespacial
511,PRS 512,Aeroespacial
512,PRS 513,Mecánica
513,PRS 514,Aeroespacial
514,PRS 515,Química
515,PRS 516,Informática
516,PRS 517,Química
517,PRS 518,Mecánica
518,PRS 519,Electrónica
519,PRS 520,Mecánica
520,PRS 521,Electrónica
521,PRS 522,Química
522,PRS 523,Telecomunicaciones
523,PRS 524,Mecánica
524,PRS 525,Electrónica
525,PRS 526,Electrónica
526,PRS 527,Aeroespacial
527,PRS 528,Electrónica
528,PRS 529,Informática
529,PRS 530,Telecomunicaciones
530,PRS 531,Mecánica
531,PRS 532,Telecomunicaciones
532,PRS 533,Telecomunicaciones
533,PRS 534,Telecomunicaciones
534,PRS 535,Informática
535,PRS 536,Mecánica
536,PRS 537,Electrónica
537,PRS 538,Telecomunicaciones
538,PRS 539,Química
539,PRS 540,Telecomunicaciones
540,PRS 541,Química
541,PRS 542,Telecomunicaciones
542,PRS 543,Telecomunicaciones
543,PRS 544,Química
544,PRS 545,Química
545,PRS 546,Química
546,PRS 547,Mecánica
547,PRS 548,Electrónica
548,PRS 549,Mecánica
549,PRS 550,Telecomunicaciones
550,PRS 551,Mecánica
551,PRS 552,Aeroespacial
552,PRS 553,Química
553,PRS 554,Telecomunicaciones
554,PRS 555,Química
555,PRS 556,Mecánica
556,PRS 557,Aeroespacial
557,PRS 558,Telecomunicaciones
558,PRS 559,Informática
559,PRS 560,Informática
560,PRS 561,Química
561,PRS 562,Informática
562,PRS 563,Aeroespacial
563,PRS 564,Electrónica
564,PRS 565,Aeroespacial
565,PRS 566,Telecomunicaciones
566,PRS 567,Mecánica
567,PRS 568,Informática
568,PRS 569,Telecomunicaciones
569,PRS 570,Telecomunicaciones
570,PRS 571,Aeroespacial
571,PRS 572,Telecomunicaciones
572,PRS 573,Telecomunicaciones
573,PRS 574,Mecánica
574,PRS 575,Aeroespacial
575,PRS 576,Informática
576,PRS 577,Informática
577,PRS 578,Electrónica
578,PRS 579,Aeroespacial
579,PRS 580,Informática
580,PRS 581,Electrónica
581,PRS 582,Mecánica
582,PRS 583,Química
583,PRS 584,Mecánica
584,PRS 585,Mecánica
585,PRS 586,Química
586,PRS 587,Telecomunicaciones
587,PRS 588,Mecánica
588,PRS 589,Informática
589,PRS 590,Telecomunicaciones
590,PRS 591,Aeroespacial
591,PRS 592,Electrónica
592,PRS 593,Informática
593,PRS 594,Informática
594,PRS 595,Mecánica
595,PRS 596,Mecánica
596,PRS 597,Electrónica
597,PRS 598,Telecomunicaciones
598,PRS 599,Telecomunicaciones
599,PRS 600,Electrónica
600,PRS 601,Química
601,PRS 602,Aeroespacial
602,PRS 603,Aeroespacial
603,PRS 604,Química
604,PRS 605,Química
605,PRS 606,Aeroespacial
606,PRS 607,Química
607,PRS 608,Química
608,PRS 609,Telecomunicaciones
609,PRS 610,Informática
610,PRS 611,Informática
611,PRS 612,Informática
612,PRS 613,Aeroespacial
613,PRS 614,Telecomunicaciones
614,PRS 615,Electrónica
615,PRS 616,Electrónica
616,PRS 617,Química
617,PRS 618,Química
618,PRS 619,Química
619,PRS 620,Informática
620,PRS 621,Electrónica
621,PRS 622,Informática
622,PRS 623,Informática
623,PRS 624,Química
624,PRS 625,Química
625,PRS 626,Aeroespacial
626,PRS 627,Aeroespacial
627,PRS 628,Aeroespacial
628,PRS 629,Aeroespacial
629,PRS 630,Aeroespacial
630,PRS 631,Electrónica
631,PRS 632,Aeroespacial
632,PRS 633,Química
633,PRS 634,Mecánica
634,PRS 635,Informática
635,PRS 636,Mecánica
636,PRS 637,Química
637,PRS 638,Informática
638,PRS 639,Mecánica
639,PRS 640,Informática
640,PRS 641,Electrónica
641,PRS 642,Aeroespacial
642,PRS 643,Telecomunicaciones
643,PRS 644,Mecánica
644,PRS 645,Telecomunicaciones
645,PRS 646,Informática
646,PRS 647,Química
647,PRS 648,Informática
648,PRS 649,Mecánica
649,PRS 650,Electrónica
650,PRS 651,Electrónica
651,PRS 652,Telecomunicaciones
652,PRS 653,Mecánica
653,PRS 654,Informática
654,PRS 655,Telecomunicaciones
655,PRS 656,Telecomunicaciones
656,PRS 657,Química
657,PRS 658,Telecomunicaciones
658,PRS 659,Química
659,PRS 660,Telecomunicaciones
660,PRS 661,Telecomunicaciones
661,PRS 662,Informática
662,PRS 663,Química
663,PRS 664,Telecomunicaciones
664,PRS 665,Aeroespacial
665,PRS 666,Electrónica
666,PRS 667,Aeroespacial
667,PRS 668,Química
668,PRS 669,Electrónica
669,PRS 670,Mecánica
670,PRS 671,Informática
671,PRS 672,Informática
672,PRS 673,Química
673,PRS 674,Química
674,PRS 675,Mecánica
675,PRS 676,Informática
676,PRS 677,Mecánica
677,PRS 678,Electrónica
678,PRS 679,Telecomunicaciones
679,PRS 680,Telecomunicaciones
680,PRS 681,Química
681,PRS 682,Electrónica
682,PRS 683,Electrónica
683,PRS 684,Electrónica
684,PRS 685,Electrónica
685,PRS 686,Química
686,PRS 687,Electrónica
687,PRS 688,Telecomunicaciones
688,PRS 689,Química
689,PRS 690,Química
690,PRS 691,Electrónica
691,PRS 692,Aeroespacial
692,PRS 693,Informática
693,PRS 694,Telecomunicaciones
694,PRS 695,Química
695,PRS 696,Aeroespacial
696,PRS 697,Electrónica
697,PRS 698,Telecomunicaciones
698,PRS 699,Electrónica
699,PRS 700,Química
700,PRS 701,Electrónica
701,PRS 702,Telecomunicaciones
702,PRS 703,Química
703,PRS 704,Electrónica
704,PRS 705,Electrónica
705,PRS 706,Electrónica
706,PRS 707,Química
707,PRS 708,Química
708,PRS 709,Informática
709,PRS 710,Aeroespacial
710,PRS 711,Informática
711,PRS 712,Mecánica
712,PRS 713,Electrónica
713,PRS 714,Aeroespacial
714,PRS 715,Telecomunicaciones
715,PRS 716,Aeroespacial
716,PRS 717,Informática
717,PRS 718,Electrónica
718,PRS 719,Mecánica
719,PRS 720,Electrónica
720,PRS 721,Mecánica
721,PRS 722,Aeroespacial
722,PRS 723,Telecomunicaciones
723,PRS 724,Aeroespacial
724,PRS 725,Química
725,PRS 726,Telecomunicaciones
726,PRS 727,Electrónica
727,PRS 728,Química
728,PRS 729,Mecánica
729,PRS 730,Informática
730,PRS 731,Química
731,PRS 732,Informática
732,PRS 733,Telecomunicaciones
733,PRS 734,Informática
734,PRS 735,Informática
735,PRS 736,Electrónica
736,PRS 737,Química
737,PRS 738,Aeroespacial
738,PRS 739,Telecomunicaciones
739,PRS 740,Química
740,PRS 741,Electrónica
741,PRS 742,Telecomunicaciones
742,PRS 743,Telecomunicaciones
743,PRS 744,Telecomunicaciones
744,PRS 745,Informática
745,PRS 746,Informática
746,PRS 747,Aeroespacial
747,PRS 748,Mecánica
748,PRS 749,Telecomunicaciones
749,PRS 750,Aeroespacial
750,PRS 751,Electrónica
751,PRS 752,Telecomunicaciones
752,PRS 753,Informática
753,PRS 754,Mecánica
754,PRS 755,Electrónica
755,PRS 756,Electrónica
756,PRS 757,Informática
757,PRS 758,Aeroespacial
758,PRS 759,Aeroespacial
759,PRS 760,Aeroespacial
760,PRS 761,Informática
761,PRS 762,Informática
762,PRS 763,Mecánica
763,PRS 764,Informática
764,PRS 765,Informática
765,PRS 766,Telecomunicaciones
766,PRS 767,Electrónica
767,PRS 768,Aeroespacial
768,PRS 769,Mecánica
769,PRS 770,Informática
770,PRS 771,Telecomunicaciones
771,PRS 772,Química
772,PRS 773,Informática
773,PRS 774,Informática
774,PRS 775,Telecomunicaciones
775,PRS 776,Mecánica
776,PRS 777,Mecánica
777,PRS 778,Química
778,PRS 779,Química
779,PRS 780,Electrónica
780,PRS 781,Telecomunicaciones
781,PRS 782,Electrónica
782,PRS 783,Mecánica
783,PRS 784,Electrónica
784,PRS 785,Aeroespacial
785,PRS 786,Aeroespacial
786,PRS 787,Mecánica
787,PRS 788,Telecomunicaciones
788,PRS 789,Electrónica
789,PRS 790,Electrónica
790,PRS 791,Electrónica
791,PRS 792,Mecánica
792,PRS 793,Aeroespacial
793,PRS 794,Mecánica
794,PRS 795,Telecomunicaciones
795,PRS 796,Informática
796,PRS 797,Química
797,PRS 798,Química
798,PRS 799,Electrónica
799,PRS 800,Telecomunicaciones
800,PRS 801,Informática
801,PRS 802,Informática
802,PRS 803,Química
803,PRS 804,Química
804,PRS 805,Aeroespacial
805,PRS 806,Química
806,PRS 807,Aeroespacial
807,PRS 808,Química
808,PRS 809,Telecomunicaciones
809,PRS 810,Aeroespacial
810,PRS 811,Electrónica
811,PRS 812,Informática
812,PRS 813,Mecánica
813,PRS 814,Telecomunicaciones
814,PRS 815,Aeroespacial
815,PRS 816,Mecánica
816,PRS 817,Informática
817,PRS 818,Mecánica
818,PRS 819,Electrónica
819,PRS 820,Química
820,PRS 821,Electrónica
821,PRS 822,Informática
822,PRS 823,Informática
823,PRS 824,Mecánica
824,PRS 825,Química
825,PRS 826,Informática
826,PRS 827,Química
827,PRS 828,Mecánica
828,PRS 829,Telecomunicaciones
829,PRS 830,Aeroespacial
830,PRS 831,Aeroespacial
831,PRS 832,Informática
832,PRS 833,Electrónica
833,PRS 834,Electrónica
834,PRS 835,Electrónica
835,PRS 836,Aeroespacial
836,PRS 837,Informática
837,PRS 838,Informática
838,PRS 839,Química
839,PRS 840,Mecánica
840,PRS 841,Mecánica
841,PRS 842,Telecomunicaciones
842,PRS 843,Química
843,PRS 844,Informática
844,PRS 845,Informática
845,PRS 846,Informática
846,PRS 847,Electrónica
847,PRS 848,Aeroespacial
848,PRS 849,Mecánica
849,PRS 850,Química
850,PRS 851,Química
851,PRS 852,Aeroespacial
852,PRS 853,Mecánica
853,PRS 854,Aeroespacial
854,PRS 855,Telecomunicaciones
855,PRS 856,Informática
856,PRS 857,Mecánica
857,PRS 858,Mecánica
858,PRS 859,Electrónica
859,PRS 860,Telecomunicaciones
860,PRS 861,Química
861,PRS 862,Informática
862,PRS 863,Electrónica
863,PRS 864,Informática
864,PRS 865,Electrónica
865,PRS 866,Química
866,PRS 867,Mecánica
867,PRS 868,Informática
868,PRS 869,Química
869,PRS 870,Mecánica
870,PRS 871,Mecánica
871,PRS 872,Electrónica
872,PRS 873,Telecomunicaciones
873,PRS 874,Informática
874,PRS 875,Mecánica
875,PRS 876,Mecánica
876,PRS 877,Mecánica
877,PRS 878,Mecánica
878,PRS 879,Aeroespacial
879,PRS 880,Química
880,PRS 881,Mecánica
881,PRS 882,Electrónica
882,PRS 883,Electrónica
883,PRS 884,Informática
884,PRS 885,Electrónica
885,PRS 886,Química
886,PRS 887,Mecánica
887,PRS 888,Informática
888,PRS 889,Electrónica
889,PRS 890,Informática
890,PRS 891,Mecánica
891,PRS 892,Química
892,PRS 893,Telecomunicaciones
893,PRS 894,Aeroespacial
894,PRS 895,Informática
895,PRS 896,Química
896,PRS 897,Química
897,PRS 898,Mecánica
898,PRS 899,Química
899,PRS 900,Electrónica
900,PRS 901,Mecánica
901,PRS 902,Aeroespacial
902,PRS 903,Química
903,PRS 904,Mecánica
904,PRS 905,Informática
905,PRS 906,Electrónica
906,PRS 907,Química
907,PRS 908,Aeroespacial
908,PRS 909,Aeroespacial
909,PRS 910,Telecomunicaciones
910,PRS 911,Electrónica
911,PRS 912,Telecomunicaciones
912,PRS 913,Telecomunicaciones
913,PRS 914,Informática
914,PRS 915,Telecomunicaciones
915,PRS 916,Química
916,PRS 917,Química
917,PRS 918,Química
918,PRS 919,Aeroespacial
919,PRS 920,Informática
920,PRS 921,Informática
921,PRS 922,Química
922,PRS 923,Electrónica
923,PRS 924,Química
924,PRS 925,Mecánica
925,PRS 926,Informática
926,PRS 927,Mecánica
927,PRS 928,Química
928,PRS 929,Electrónica
929,PRS 930,Telecomunicaciones
930,PRS 931,Mecánica
931,PRS 932,Aeroespacial
932,PRS 933,Aeroespacial
933,PRS 934,Informática
934,PRS 935,Telecomunicaciones
935,PRS 936,Mecánica
936,PRS 937,Aeroespacial
937,PRS 938,Electrónica
938,PRS 939,Química
939,PRS 940,Telecomunicaciones
940,PRS 941,Aeroespacial
941,PRS 942,Química
942,PRS 943,Química
943,PRS 944,Electrónica
944,PRS 945,Mecánica
945,PRS 946,Aeroespacial
946,PRS 947,Mecánica
947,PRS 948,Electrónica
948,PRS 949,Química
949,PRS 950,Aeroespacial
950,PRS 951,Mecánica
951,PRS 952,Informática
952,PRS 953,Electrónica
953,PRS 954,Electrónica
954,PRS 955,Electrónica
955,PRS 956,Química
956,PRS 957,Informática
957,PRS 958,Mecánica
958,PRS 959,Informática
959,PRS 960,Mecánica
960,PRS 961,Telecomunicaciones
961,PRS 962,Informática
962,PRS 963,Telecomunicaciones
963,PRS 964,Mecánica
964,PRS 965,Electrónica
965,PRS 966,Telecomunicaciones
966,PRS 967,Mecánica
967,PRS 968,Informática
968,PRS 969,Telecomunicaciones
969,PRS 970,Aeroespacial
970,PRS 971,Informática
971,PRS 972,Telecomunicaciones
972,PRS 973,Química
973,PRS 974,Telecomunicaciones
974,PRS 975,Informática
975,PRS 976,Química
976,PRS 977,Mecánica
977,PRS 978,Química
978,PRS 979,Química
979,PRS 980,Informática
980,PRS 981,Electrónica
981,PRS 982,Electrónica
982,PRS 983,Mecánica
983,PRS 984,Química
984,PRS 985,Mecánica
985,PRS 986,Mecánica
986,PRS 987,Informática
987,PRS 988,Mecánica
988,PRS 989,Mecánica
989,PRS 990,Electrónica
990,PRS 991,Química
991,PRS 992,Telecomunicaciones
992,PRS 993,Electrónica
993,PRS 994,Telecomunicaciones
994,PRS 995,Electrónica
995,PRS 996,Mecánica
996,PRS 997,Mecánica
997,PRS 998,Mecánica
998,PRS 999,Aeroespacial
999,PRS 1000,Telecomunicaciones
1000,PRS 1001,Telecomunicaciones
1001,PRS 1002,Electrónica
1002,PRS 1003,Mecánica
1003,PRS 1004,Informática
1004,PRS 1005,Mecánica
1005,PRS 1006,Mecánica
1006,PRS 1007,Mecánica
1007,PRS 1008,Aeroespacial
1008,PRS 1009,Telecomunicaciones
1009,PRS 1010,Telecomunicaciones
1010,PRS 1011,Electrónica
1011,PRS 1012,Mecánica
1012,PRS 1013,Mecánica
1013,PRS 1014,Mecánica
1014,PRS 1015,Mecánica
1015,PRS 1016,Aeroespacial
1016,PRS 1017,Mecánica
1017,PRS 1018,Aeroespacial
1018,PRS 1019,Química
1019,PRS 1020,Telecomunicaciones
1020,PRS 1021,Mecánica
1021,PRS 1022,Telecomunicaciones
1022,PRS 1023,Química
1023,PRS 1024,Telecomunicaciones
1024,PRS 1025,Informática
1025,PRS 1026,Química
1026,PRS 1027,Informática
1027,PRS 1028,Electrónica
1028,PRS 1029,Telecomunicaciones
1029,PRS 1030,Informática
1030,PRS 1031,Telecomunicaciones
1031,PRS 1032,Telecomunicaciones
1032,PRS 1033,Mecánica
1033,PRS 1034,Mecánica
1034,PRS 1035,Aeroespacial
1035,PRS 1036,Aeroespacial
1036,PRS 1037,Telecomunicaciones
1037,PRS 1038,Química
1038,PRS 1039,Mecánica
1039,PRS 1040,Química
1040,PRS 1041,Química
1041,PRS 1042,Aeroespacial
1042,PRS 1043,Informática
1043,PRS 1044,Telecomunicaciones
1044,PRS 1045,Aeroespacial
1045,PRS 1046,Telecomunicaciones
1046,PRS 1047,Aeroespacial
1047,PRS 1048,Química
1048,PRS 1049,Informática
1049,PRS 1050,Mecánica
1050,PRS 1051,Aeroespacial
1051,PRS 1052,Aeroespacial
1052,PRS 1053,Telecomunicaciones
1053,PRS 1054,Química
1054,PRS 1055,Electrónica
1055,PRS 1056,Aeroespacial
1056,PRS 1057,Mecánica
1057,PRS 1058,Electrónica
1058,PRS 1059,Química
1059,PRS 1060,Química
1060,PRS 1061,Aeroespacial
1061,PRS 1062,Electrónica
1062,PRS 1063,Telecomunicaciones
1063,PRS 1064,Informática
1064,PRS 1065,Electrónica
1065,PRS 1066,Electrónica
1066,PRS 1067,Química
1067,PRS 1068,Electrónica
1068,PRS 1069,Electrónica
1069,PRS 1070,Mecánica
1070,PRS 1071,Telecomunicaciones
1071,PRS 1072,Telecomunicaciones
1072,PRS 1073,Mecánica
1073,PRS 1074,Aeroespacial
1074,PRS 1075,Telecomunicaciones
1075,PRS 1076,Química
1076,PRS 1077,Informática
1077,PRS 1078,Informática
1078,PRS 1079,Aeroespacial
1079,PRS 1080,Mecánica
1080,PRS 1081,Telecomunicaciones
1081,PRS 1082,Electrónica
1082,PRS 1083,Química
1083,PRS 1084,Telecomunicaciones
1084,PRS 1085,Mecánica
1085,PRS 1086,Aeroespacial
1086,PRS 1087,Mecánica
1087,PRS 1088,Mecánica
1088,PRS 1089,Mecánica
1089,PRS 1090,Telecomunicaciones
1090,PRS 1091,Informática
1091,PRS 1092,Informática
1092,PRS 1093,Química
1093,PRS 1094,Mecánica
1094,PRS 1095,Mecánica
1095,PRS 1096,Mecánica
1096,PRS 1097,Aeroespacial
1097,PRS 1098,Mecánica
1098,PRS 1099,Telecomunicaciones
1099,PRS 1100,Mecánica
1100,PRS 1101,Aeroespacial
1101,PRS 1102,Electrónica
1102,PRS 1103,Química
1103,PRS 1104,Electrónica
1104,PRS 1105,Electrónica
1105,PRS 1106,Mecánica
1106,PRS 1107,Informática
1107,PRS 1108,Electrónica
1108,PRS 1109,Informática
1109,PRS 1110,Telecomunicaciones
1110,PRS 1111,Aeroespacial
1111,PRS 1112,Telecomunicaciones
1112,PRS 1113,Aeroespacial
1113,PRS 1114,Mecánica
1114,PRS 1115,Mecánica
1115,PRS 1116,Electrónica
1116,PRS 1117,Electrónica
1117,PRS 1118,Mecánica
1118,PRS 1119,Informática
1119,PRS 1120,Telecomunicaciones
1120,PRS 1121,Telecomunicaciones
1121,PRS 1122,Mecánica
1122,PRS 1123,Mecánica
1123,PRS 1124,Electrónica
1124,PRS 1125,Electrónica
1125,PRS 1126,Telecomunicaciones
1126,PRS 1127,Informática
1127,PRS 1128,Mecánica
1128,PRS 1129,Mecánica
1129,PRS 1130,Telecomunicaciones
1130,PRS 1131,Química
1131,PRS 1132,Aeroespacial
1132,PRS 1133,Mecánica
1133,PRS 1134,Química
1134,PRS 1135,Aeroespacial
1135,PRS 1136,Telecomunicaciones
1136,PRS 1137,Informática
1137,PRS 1138,Electrónica
1138,PRS 1139,Aeroespacial
1139,PRS 1140,Aeroespacial
1140,PRS 1141,Electrónica
1141,PRS 1142,Química
1142,PRS 1143,Electrónica
1143,PRS 1144,Telecomunicaciones
1144,PRS 1145,Telecomunicaciones
1145,PRS 1146,Electrónica
1146,PRS 1147,Química
1147,PRS 1148,Mecánica
1148,PRS 1149,Informática
1149,PRS 1150,Telecomunicaciones
1150,PRS 1151,Telecomunicaciones
1151,PRS 1152,Electrónica
1152,PRS 1153,Electrónica
1153,PRS 1154,Electrónica
1154,PRS 1155,Informática
1155,PRS 1156,Aeroespacial
1156,PRS 1157,Telecomunicaciones
1157,PRS 1158,Informática
1158,PRS 1159,Telecomunicaciones
1159,PRS 1160,Química
1160,PRS 1161,Informática
1161,PRS 1162,Mecánica
1162,PRS 1163,Aeroespacial
1163,PRS 1164,Electrónica
1164,PRS 1165,Electrónica
1165,PRS 1166,Informática
1166,PRS 1167,Química
1167,PRS 1168,Mecánica
1168,PRS 1169,Química
1169,PRS 1170,Aeroespacial
1170,PRS 1171,Telecomunicaciones
1171,PRS 1172,Mecánica
1172,PRS 1173,Mecánica
1173,PRS 1174,Telecomunicaciones
1174,PRS 1175,Electrónica
1175,PRS 1176,Electrónica
1176,PRS 1177,Mecánica
1177,PRS 1178,Telecomunicaciones
1178,PRS 1179,Aeroespacial
1179,PRS 1180,Química
1180,PRS 1181,Informática
1181,PRS 1182,Electrónica
1182,PRS 1183,Mecánica
1183,PRS 1184,Informática
1184,PRS 1185,Aeroespacial
1185,PRS 1186,Telecomunicaciones
1186,PRS 1187,Telecomunicaciones
1187,PRS 1188,Electrónica
1188,PRS 1189,Informática
1189,PRS 1190,Mecánica
1190,PRS 1191,Mecánica
1191,PRS 1192,Química
1192,PRS 1193,Mecánica
1193,PRS 1194,Informática
1194,PRS 1195,Mecánica
1195,PRS 1196,Informática
1196,PRS 1197,Electrónica
1197,PRS 1198,Aeroespacial
1198,PRS 1199,Telecomunicaciones
1199,PRS 1200,Mecánica
1200,PRS 1201,Electrónica
1201,PRS 1202,Mecánica
1202,PRS 1203,Aeroespacial
1203,PRS 1204,Informática
1204,PRS 1205,Telecomunicaciones
1205,PRS 1206,Química
1206,PRS 1207,Informática
1207,PRS 1208,Informática
1208,PRS 1209,Telecomunicaciones
1209,PRS 1210,Química
1210,PRS 1211,Telecomunicaciones
1211,PRS 1212,Aeroespacial
1212,PRS 1213,Electrónica
1213,PRS 1214,Mecánica
1214,PRS 1215,Informática
1215,PRS 1216,Telecomunicaciones
1216,PRS 1217,Aeroespacial
1217,PRS 1218,Aeroespacial
1218,PRS 1219,Electrónica
1219,PRS 1220,Mecánica
1220,PRS 1221,Electrónica
1221,PRS 1222,Química
1222,PRS 1223,Electrónica
1223,PRS 1224,Electrónica
1224,PRS 1225,Informática
1225,PRS 1226,Telecomunicaciones
1226,PRS 1227,Mecánica
1227,PRS 1228,Química
1228,PRS 1229,Química
1229,PRS 1230,Aeroespacial
1230,PRS 1231,Informática
1231,PRS 1232,Informática
1232,PRS 1233,Electrónica
1233,PRS 1234,Química
1234,PRS 1235,Mecánica
1235,PRS 1236,Química
1236,PRS 1237,Mecánica
1237,PRS 1238,Telecomunicaciones
1238,PRS 1239,Aeroespacial
1239,PRS 1240,Electrónica
1240,PRS 1241,Informática
1241,PRS 1242,Aeroespacial
1242,PRS 1243,Electrónica
1243,PRS 1244,Telecomunicaciones
1244,PRS 1245,Química
1245,PRS 1246,Telecomunicaciones
1246,PRS 1247,Telecomunicaciones
1247,PRS 1248,Mecánica
1248,PRS 1249,Telecomunicaciones
1249,PRS 1250,Química
1250,PRS 1251,Química
1251,PRS 1252,Electrónica
1252,PRS 1253,Mecánica
1253,PRS 1254,Electrónica
1254,PRS 1255,Química
1255,PRS 1256,Telecomunicaciones
1256,PRS 1257,Química
1257,PRS 1258,Telecomunicaciones
1258,PRS 1259,Aeroespacial
1259,PRS 1260,Telecomunicaciones
1260,PRS 1261,Química
1261,PRS 1262,Electrónica
1262,PRS 1263,Telecomunicaciones
1263,PRS 1264,Aeroespacial
1264,PRS 1265,Informática
1265,PRS 1266,Informática
1266,PRS 1267,Mecánica
1267,PRS 1268,Telecomunicaciones
1268,PRS 1269,Mecánica
1269,PRS 1270,Química
1270,PRS 1271,Telecomunicaciones
1271,PRS 1272,Mecánica
1272,PRS 1273,Electrónica
1273,PRS 1274,Mecánica
1274,PRS 1275,Electrónica
1275,PRS 1276,Química
1276,PRS 1277,Mecánica
1277,PRS 1278,Mecánica
1278,PRS 1279,Mecánica
1279,PRS 1280,Electrónica
1280,PRS 1281,Mecánica
1281,PRS 1282,Química
1282,PRS 1283,Informática
1283,PRS 1284,Química
1284,PRS 1285,Informática
1285,PRS 1286,Química
1286,PRS 1287,Mecánica
1287,PRS 1288,Aeroespacial
1288,PRS 1289,Química
1289,PRS 1290,Mecánica
1290,PRS 1291,Informática
1291,PRS 1292,Mecánica
1292,PRS 1293,Aeroespacial
1293,PRS 1294,Aeroespacial
1294,PRS 1295,Química
1295,PRS 1296,Informática
1296,PRS 1297,Mecánica
1297,PRS 1298,Telecomunicaciones
1298,PRS 1299,Aeroespacial
1299,PRS 1300,Telecomunicaciones
1300,PRS 1301,Informática
1301,PRS 1302,Informática
1302,PRS 1303,Aeroespacial
1303,PRS 1304,Electrónica
1304,PRS 1305,Mecánica
1305,PRS 1306,Electrónica
1306,PRS 1307,Aeroespacial
1307,PRS 1308,Química
1308,PRS 1309,Telecomunicaciones
1309,PRS 1310,Química
1310,PRS 1311,Aeroespacial
1311,PRS 1312,Informática
1312,PRS 1313,Informática
1313,PRS 1314,Telecomunicaciones
1314,PRS 1315,Mecánica
1315,PRS 1316,Electrónica
1316,PRS 1317,Electrónica
1317,PRS 1318,Telecomunicaciones
1318,PRS 1319,Mecánica
1319,PRS 1320,Informática
1320,PRS 1321,Electrónica
1321,PRS 1322,Aeroespacial
1322,PRS 1323,Electrónica
1323,PRS 1324,Química
1324,PRS 1325,Mecánica
1325,PRS 1326,Telecomunicaciones
1326,PRS 1327,Telecomunicaciones
1327,PRS 1328,Electrónica
1328,PRS 1329,Informática
1329,PRS 1330,Informática
1330,PRS 1331,Mecánica
1331,PRS 1332,Mecánica
1332,PRS 1333,Electrónica
1333,PRS 1334,Telecomunicaciones
1334,PRS 1335,Química
1335,PRS 1336,Telecomunicaciones
1336,PRS 1337,Electrónica
1337,PRS 1338,Informática
1338,PRS 1339,Aeroespacial
1339,PRS 1340,Aeroespacial
1340,PRS 1341,Electrónica
1341,PRS 1342,Aeroespacial
1342,PRS 1343,Química
1343,PRS 1344,Química
1344,PRS 1345,Mecánica
1345,PRS 1346,Química
1346,PRS 1347,Telecomunicaciones
1347,PRS 1348,Química
1348,PRS 1349,Mecánica
1349,PRS 1350,Informática
1350,PRS 1351,Aeroespacial
1351,PRS 1352,Mecánica
1352,PRS 1353,Telecomunicaciones
1353,PRS 1354,Telecomunicaciones
1354,PRS 1355,Aeroespacial
1355,PRS 1356,Informática
1356,PRS 1357,Telecomunicaciones
1357,PRS 1358,Electrónica
1358,PRS 1359,Química
1359,PRS 1360,Química
1360,PRS 1361,Aeroespacial
1361,PRS 1362,Química
1362,PRS 1363,Telecomunicaciones
1363,PRS 1364,Mecánica
1364,PRS 1365,Telecomunicaciones
1365,PRS 1366,Aeroespacial
1366,PRS 1367,Informática
1367,PRS 1368,Mecánica
1368,PRS 1369,Electrónica
1369,PRS 1370,Telecomunicaciones
1370,PRS 1371,Mecánica
1371,PRS 1372,Electrónica
1372,PRS 1373,Telecomunicaciones
1373,PRS 1374,Mecánica
1374,PRS 1375,Informática
1375,PRS 1376,Mecánica
1376,PRS 1377,Química
1377,PRS 1378,Aeroespacial
1378,PRS 1379,Química
1379,PRS 1380,Telecomunicaciones
1380,PRS 1381,Aeroespacial
1381,PRS 1382,Informática
1382,PRS 1383,Electrónica
1383,PRS 1384,Informática
1384,PRS 1385,Aeroespacial
1385,PRS 1386,Química
1386,PRS 1387,Química
1387,PRS 1388,Química
1388,PRS 1389,Telecomunicaciones
1389,PRS 1390,Informática
1390,PRS 1391,Mecánica
1391,PRS 1392,Informática
1392,PRS 1393,Mecánica
1393,PRS 1394,Telecomunicaciones
1394,PRS 1395,Electrónica
1395,PRS 1396,Telecomunicaciones
1396,PRS 1397,Informática
1397,PRS 1398,Aeroespacial
1398,PRS 1399,Mecánica
1399,PRS 1400,Informática
1400,PRS 1401,Telecomunicaciones
1401,PRS 1402,Telecomunicaciones
1402,PRS 1403,Informática
1403,PRS 1404,Informática
1404,PRS 1405,Mecánica
1405,PRS 1406,Telecomunicaciones
1406,PRS 1407,Informática
1407,PRS 1408,Telecomunicaciones
1408,PRS 1409,Aeroespacial
1409,PRS 1410,Telecomunicaciones
1410,PRS 1411,Mecánica
1411,PRS 1412,Mecánica
1412,PRS 1413,Química
1413,PRS 1414,Electrónica
1414,PRS 1415,Mecánica
1415,PRS 1416,Aeroespacial
1416,PRS 1417,Informática
1417,PRS 1418,Electrónica
1418,PRS 1419,Química
1419,PRS 1420,Química
1420,PRS 1421,Aeroespacial
1421,PRS 1422,Electrónica
1422,PRS 1423,Aeroespacial
1423,PRS 1424,Telecomunicaciones
1424,PRS 1425,Electrónica
1425,PRS 1426,Aeroespacial
1426,PRS 1427,Informática
1427,PRS 1428,Aeroespacial
1428,PRS 1429,Electrónica
1429,PRS 1430,Telecomunicaciones
1430,PRS 1431,Telecomunicaciones
1431,PRS 1432,Informática
1432,PRS 1433,Química
1433,PRS 1434,Mecánica
1434,PRS 1435,Informática
1435,PRS 1436,Telecomunicaciones
1436,PRS 1437,Mecánica
1437,PRS 1438,Aeroespacial
1438,PRS 1439,Informática
1439,PRS 1440,Telecomunicaciones
1440,PRS 1441,Informática
1441,PRS 1442,Química
1442,PRS 1443,Electrónica
1443,PRS 1444,Telecomunicaciones
1444,PRS 1445,Electrónica
1445,PRS 1446,Telecomunicaciones
1446,PRS 1447,Informática
1447,PRS 1448,Química
1448,PRS 1449,Química
1449,PRS 1450,Informática
1450,PRS 1451,Telecomunicaciones
1451,PRS 1452,Química
1452,PRS 1453,Electrónica
1453,PRS 1454,Telecomunicaciones
1454,PRS 1455,Química
1455,PRS 1456,Aeroespacial
1456,PRS 1457,Química
1457,PRS 1458,Telecomunicaciones
1458,PRS 1459,Mecánica
1459,PRS 1460,Electrónica
1460,PRS 1461,Mecánica
1461,PRS 1462,Química
1462,PRS 1463,Electrónica
1463,PRS 1464,Aeroespacial
1464,PRS 1465,Informática
1465,PRS 1466,Telecomunicaciones
1466,PRS 1467,Química
1467,PRS 1468,Química
1468,PRS 1469,Electrónica
1469,PRS 1470,Informática
1470,PRS 1471,Aeroespacial
1471,PRS 1472,Aeroespacial
1472,PRS 1473,Química
1473,PRS 1474,Mecánica
1474,PRS 1475,Mecánica
1475,PRS 1476,Aeroespacial
1476,PRS 1477,Mecánica
1477,PRS 1478,Aeroespacial
1478,PRS 1479,Telecomunicaciones
1479,PRS 1480,Química
1480,PRS 1481,Mecánica
1481,PRS 1482,Aeroespacial
1482,PRS 1483,Química
1483,PRS 1484,Electrónica
1484,PRS 1485,Informática
1485,PRS 1486,Informática
1486,PRS 1487,Informática
1487,PRS 1488,Informática
1488,PRS 1489,Mecánica
1489,PRS 1490,Química
1490,PRS 1491,Informática
1491,PRS 1492,Química
1492,PRS 1493,Mecánica
1493,PRS 1494,Electrónica
1494,PRS 1495,Electrónica
1495,PRS 1496,Química
1496,PRS 1497,Mecánica
1497,PRS 1498,Mecánica
1498,PRS 1499,Telecomunicaciones
1499,PRS 1500,Mecánica
1500,PRS 1501,Informática
1501,PRS 1502,Aeroespacial
1502,PRS 1503,Química
1503,PRS 1504,Electrónica
1504,PRS 1505,Telecomunicaciones
1505,PRS 1506,Aeroespacial
1506,PRS 1507,Química
1507,PRS 1508,Mecánica
1508,PRS 1509,Telecomunicaciones
1509,PRS 1510,Mecánica
1510,PRS 1511,Mecánica
1511,PRS 1512,Electrónica
1512,PRS 1513,Telecomunicaciones
1513,PRS 1514,Telecomunicaciones
1514,PRS 1515,Aeroespacial
1515,PRS 1516,Aeroespacial
1516,PRS 1517,Mecánica
1517,PRS 1518,Informática
1518,PRS 1519,Telecomunicaciones
1519,PRS 1520,Aeroespacial
1520,PRS 1521,Electrónica
1521,PRS 1522,Informática
1522,PRS 1523,Mecánica
1523,PRS 1524,Informática
1524,PRS 1525,Mecánica
1525,PRS 1526,Aeroespacial
1526,PRS 1527,Aeroespacial
1527,PRS 1528,Informática
1528,PRS 1529,Química
1529,PRS 1530,Electrónica
1530,PRS 1531,Electrónica
1531,PRS 1532,Mecánica
1532,PRS 1533,Mecánica
1533,PRS 1534,Química
1534,PRS 1535,Electrónica
1535,PRS 1536,Mecánica
1536,PRS 1537,Mecánica
1537,PRS 1538,Química
1538,PRS 1539,Química
1539,PRS 1540,Informática
1540,PRS 1541,Mecánica
1541,PRS 1542,Electrónica
1542,PRS 1543,Electrónica
1543,PRS 1544,Electrónica
1544,PRS 1545,Electrónica
1545,PRS 1546,Química
1546,PRS 1547,Química
1547,PRS 1548,Electrónica
1548,PRS 1549,Electrónica
1549,PRS 1550,Telecomunicaciones
1550,PRS 1551,Química
1551,PRS 1552,Mecánica
1552,PRS 1553,Mecánica
1553,PRS 1554,Electrónica
1554,PRS 1555,Aeroespacial
1555,PRS 1556,Telecomunicaciones
1556,PRS 1557,Electrónica
1557,PRS 1558,Aeroespacial
1558,PRS 1559,Química
1559,PRS 1560,Mecánica
1560,PRS 1561,Química
1561,PRS 1562,Aeroespacial
1562,PRS 1563,Informática
1563,PRS 1564,Informática
1564,PRS 1565,Telecomunicaciones
1565,PRS 1566,Electrónica
1566,PRS 1567,Química
1567,PRS 1568,Telecomunicaciones
1568,PRS 1569,Informática
1569,PRS 1570,Aeroespacial
1570,PRS 1571,Telecomunicaciones
1571,PRS 1572,Informática
1572,PRS 1573,Mecánica
1573,PRS 1574,Electrónica
1574,PRS 1575,Aeroespacial
1575,PRS 1576,Informática
1576,PRS 1577,Mecánica
1577,PRS 1578,Telecomunicaciones
1578,PRS 1579,Química
1579,PRS 1580,Informática
1580,PRS 1581,Informática
1581,PRS 1582,Electrónica
1582,PRS 1583,Informática
1583,PRS 1584,Telecomunicaciones
1584,PRS 1585,Electrónica
1585,PRS 1586,Aeroespacial
1586,PRS 1587,Química
1587,PRS 1588,Aeroespacial
1588,PRS 1589,Mecánica
1589,PRS 1590,Informática
1590,PRS 1591,Electrónica
1591,PRS 1592,Química
1592,PRS 1593,Química
1593,PRS 1594,Química
1594,PRS 1595,Mecánica
1595,PRS 1596,Informática
1596,PRS 1597,Química
1597,PRS 1598,Aeroespacial
1598,PRS 1599,Telecomunicaciones
1599,PRS 1600,Telecomunicaciones
1600,PRS 1601,Informática
1601,PRS 1602,Electrónica
1602,PRS 1603,Aeroespacial
1603,PRS 1604,Química
1604,PRS 1605,Química
1605,PRS 1606,Mecánica
1606,PRS 1607,Química
1607,PRS 1608,Aeroespacial
1608,PRS 1609,Informática
1609,PRS 1610,Mecánica
1610,PRS 1611,Informática
1611,PRS 1612,Informática
1612,PRS 1613,Mecánica
1613,PRS 1614,Mecánica
1614,PRS 1615,Aeroespacial
1615,PRS 1616,Mecánica
1616,PRS 1617,Telecomunicaciones
1617,PRS 1618,Mecánica
1618,PRS 1619,Química
1619,PRS 1620,Aeroespacial
1620,PRS 1621,Aeroespacial
1621,PRS 1622,Aeroespacial
1622,PRS 1623,Química
1623,PRS 1624,Electrónica
1624,PRS 1625,Telecomunicaciones
1625,PRS 1626,Mecánica
1626,PRS 1627,Informática
1627,PRS 1628,Química
1628,PRS 1629,Electrónica
1629,PRS 1630,Telecomunicaciones
1630,PRS 1631,Aeroespacial
1631,PRS 1632,Telecomunicaciones
1632,PRS 1633,Informática
1633,PRS 1634,Aeroespacial
1634,PRS 1635,Aeroespacial
1635,PRS 1636,Química
1636,PRS 1637,Aeroespacial
1637,PRS 1638,Mecánica
1638,PRS 1639,Química
1639,PRS 1640,Electrónica
1640,PRS 1641,Aeroespacial
1641,PRS 1642,Mecánica
1642,PRS 1643,Mecánica
1643,PRS 1644,Informática
1644,PRS 1645,Telecomunicaciones
1645,PRS 1646,Informática
1646,PRS 1647,Telecomunicaciones
1647,PRS 1648,Aeroespacial
1648,PRS 1649,Química
1649,PRS 1650,Aeroespacial
1650,PRS 1651,Química
1651,PRS 1652,Informática
1652,PRS 1653,Telecomunicaciones
1653,PRS 1654,Electrónica
1654,PRS 1655,Electrónica
1655,PRS 1656,Telecomunicaciones
1656,PRS 1657,Mecánica
1657,PRS 1658,Telecomunicaciones
1658,PRS 1659,Informática
1659,PRS 1660,Informática
1660,PRS 1661,Mecánica
1661,PRS 1662,Aeroespacial
1662,PRS 1663,Electrónica
1663,PRS 1664,Química
1664,PRS 1665,Aeroespacial
1665,PRS 1666,Informática
1666,PRS 1667,Informática
1667,PRS 1668,Mecánica
1668,PRS 1669,Telecomunicaciones
1669,PRS 1670,Aeroespacial
1670,PRS 1671,Telecomunicaciones
1671,PRS 1672,Química
1672,PRS 1673,Telecomunicaciones
1673,PRS 1674,Informática
1674,PRS 1675,Química
1675,PRS 1676,Aeroespacial
1676,PRS 1677,Química
1677,PRS 1678,Electrónica
1678,PRS 1679,Química
1679,PRS 1680,Electrónica
1680,PRS 1681,Química
1681,PRS 1682,Aeroespacial
1682,PRS 1683,Mecánica
1683,PRS 1684,Química
1684,PRS 1685,Telecomunicaciones
1685,PRS 1686,Telecomunicaciones
1686,PRS 1687,Electrónica
1687,PRS 1688,Mecánica
1688,PRS 1689,Electrónica
1689,PRS 1690,Aeroespacial
1690,PRS 1691,Química
1691,PRS 1692,Química
1692,PRS 1693,Aeroespacial
1693,PRS 1694,Química
1694,PRS 1695,Electrónica
1695,PRS 1696,Telecomunicaciones
1696,PRS 1697,Informática
1697,PRS 1698,Informática
1698,PRS 1699,Aeroespacial
1699,PRS 1700,Mecánica
1700,PRS 1701,Telecomunicaciones
1701,PRS 1702,Electrónica
1702,PRS 1703,Electrónica
1703,PRS 1704,Electrónica
1704,PRS 1705,Electrónica
1705,PRS 1706,Electrónica
1706,PRS 1707,Química
1707,PRS 1708,Informática
1708,PRS 1709,Informática
1709,PRS 1710,Aeroespacial
1710,PRS 1711,Mecánica
1711,PRS 1712,Telecomunicaciones
1712,PRS 1713,Química
1713,PRS 1714,Electrónica
1714,PRS 1715,Aeroespacial
1715,PRS 1716,Telecomunicaciones
1716,PRS 1717,Química
1717,PRS 1718,Electrónica
1718,PRS 1719,Electrónica
1719,PRS 1720,Aeroespacial
1720,PRS 1721,Aeroespacial
1721,PRS 1722,Electrónica
1722,PRS 1723,Química
1723,PRS 1724,Telecomunicaciones
1724,PRS 1725,Informática
1725,PRS 1726,Informática
1726,PRS 1727,Electrónica
1727,PRS 1728,Electrónica
1728,PRS 1729,Aeroespacial
1729,PRS 1730,Mecánica
1730,PRS 1731,Aeroespacial
1731,PRS 1732,Química
1732,PRS 1733,Mecánica
1733,PRS 1734,Mecánica
1734,PRS 1735,Química
1735,PRS 1736,Telecomunicaciones
1736,PRS 1737,Aeroespacial
1737,PRS 1738,Telecomunicaciones
1738,PRS 1739,Telecomunicaciones
1739,PRS 1740,Electrónica
1740,PRS 1741,Aeroespacial
1741,PRS 1742,Telecomunicaciones
1742,PRS 1743,Informática
1743,PRS 1744,Electrónica
1744,PRS 1745,Aeroespacial
1745,PRS 1746,Electrónica
1746,PRS 1747,Informática
1747,PRS 1748,Electrónica
1748,PRS 1749,Mecánica
1749,PRS 1750,Electrónica
1750,PRS 1751,Informática
1751,PRS 1752,Electrónica
1752,PRS 1753,Electrónica
1753,PRS 1754,Química
1754,PRS 1755,Mecánica
1755,PRS 1756,Informática
1756,PRS 1757,Aeroespacial
1757,PRS 1758,Mecánica
1758,PRS 1759,Informática
1759,PRS 1760,Telecomunicaciones
1760,PRS 1761,Telecomunicaciones
1761,PRS 1762,Aeroespacial
1762,PRS 1763,Electrónica
1763,PRS 1764,Informática
1764,PRS 1765,Mecánica
1765,PRS 1766,Mecánica
1766,PRS 1767,Aeroespacial
1767,PRS 1768,Telecomunicaciones
1768,PRS 1769,Aeroespacial
1769,PRS 1770,Aeroespacial
1770,PRS 1771,Informática
1771,PRS 1772,Informática
1772,PRS 1773,Informática
1773,PRS 1774,Química
1774,PRS 1775,Aeroespacial
1775,PRS 1776,Telecomunicaciones
1776,PRS 1777,Química
1777,PRS 1778,Aeroespacial
1778,PRS 1779,Química
1779,PRS 1780,Informática
1780,PRS 1781,Informática
1781,PRS 1782,Informática
1782,PRS 1783,Informática
1783,PRS 1784,Electrónica
1784,PRS 1785,Informática
1785,PRS 1786,Mecánica
1786,PRS 1787,Aeroespacial
1787,PRS 1788,Electrónica
1788,PRS 1789,Química
1789,PRS 1790,Aeroespacial
1790,PRS 1791,Electrónica
1791,PRS 1792,Electrónica
1792,PRS 1793,Electrónica
1793,PRS 1794,Química
1794,PRS 1795,Informática
1795,PRS 1796,Informática
1796,PRS 1797,Electrónica
1797,PRS 1798,Electrónica
1798,PRS 1799,Mecánica
1799,PRS 1800,Electrónica
1800,PRS 1801,Informática
1801,PRS 1802,Química
1802,PRS 1803,Electrónica
1803,PRS 1804,Informática
1804,PRS 1805,Química
1805,PRS 1806,Química
1806,PRS 1807,Informática
1807,PRS 1808,Mecánica
1808,PRS 1809,Electrónica
1809,PRS 1810,Química
1810,PRS 1811,Informática
1811,PRS 1812,Aeroespacial
1812,PRS 1813,Informática
1813,PRS 1814,Informática
1814,PRS 1815,Informática
1815,PRS 1816,Electrónica
1816,PRS 1817,Telecomunicaciones
1817,PRS 1818,Química
1818,PRS 1819,Informática
1819,PRS 1820,Electrónica
1820,PRS 1821,Informática
1821,PRS 1822,Química
1822,PRS 1823,Telecomunicaciones
1823,PRS 1824,Química
1824,PRS 1825,Telecomunicaciones
1825,PRS 1826,Telecomunicaciones
1826,PRS 1827,Mecánica
1827,PRS 1828,Electrónica
1828,PRS 1829,Telecomunicaciones
1829,PRS 1830,Telecomunicaciones
1830,PRS 1831,Mecánica
1831,PRS 1832,Aeroespacial
1832,PRS 1833,Mecánica
1833,PRS 1834,Mecánica
1834,PRS 1835,Electrónica
1835,PRS 1836,Aeroespacial
1836,PRS 1837,Mecánica
1837,PRS 1838,Electrónica
1838,PRS 1839,Electrónica
1839,PRS 1840,Aeroespacial
1840,PRS 1841,Aeroespacial
1841,PRS 1842,Informática
1842,PRS 1843,Química
1843,PRS 1844,Informática
1844,PRS 1845,Aeroespacial
1845,PRS 1846,Telecomunicaciones
1846,PRS 1847,Aeroespacial
1847,PRS 1848,Informática
1848,PRS 1849,Telecomunicaciones
1849,PRS 1850,Electrónica
1850,PRS 1851,Telecomunicaciones
1851,PRS 1852,Telecomunicaciones
1852,PRS 1853,Química
1853,PRS 1854,Telecomunicaciones
1854,PRS 1855,Telecomunicaciones
1855,PRS 1856,Aeroespacial
1856,PRS 1857,Electrónica
1857,PRS 1858,Telecomunicaciones
1858,PRS 1859,Mecánica
1859,PRS 1860,Aeroespacial
1860,PRS 1861,Aeroespacial
1861,PRS 1862,Aeroespacial
1862,PRS 1863,Informática
1863,PRS 1864,Electrónica
1864,PRS 1865,Mecánica
1865,PRS 1866,Aeroespacial
1866,PRS 1867,Mecánica
1867,PRS 1868,Informática
1868,PRS 1869,Informática
1869,PRS 1870,Aeroespacial
1870,PRS 1871,Mecánica
1871,PRS 1872,Aeroespacial
1872,PRS 1873,Aeroespacial
1873,PRS 1874,Telecomunicaciones
1874,PRS 1875,Mecánica
1875,PRS 1876,Informática
1876,PRS 1877,Aeroespacial
1877,PRS 1878,Química
1878,PRS 1879,Química
1879,PRS 1880,Electrónica
1880,PRS 1881,Aeroespacial
1881,PRS 1882,Telecomunicaciones
1882,PRS 1883,Mecánica
1883,PRS 1884,Mecánica
1884,PRS 1885,Telecomunicaciones
1885,PRS 1886,Mecánica
1886,PRS 1887,Informática
1887,PRS 1888,Telecomunicaciones
1888,PRS 1889,Informática
1889,PRS 1890,Mecánica
1890,PRS 1891,Aeroespacial
1891,PRS 1892,Informática
1892,PRS 1893,Mecánica
1893,PRS 1894,Telecomunicaciones
1894,PRS 1895,Aeroespacial
1895,PRS 1896,Electrónica
1896,PRS 1897,Electrónica
1897,PRS 1898,Mecánica
1898,PRS 1899,Electrónica
1899,PRS 1900,Electrónica
1900,PRS 1901,Telecomunicaciones
1901,PRS 1902,Aeroespacial
1902,PRS 1903,Aeroespacial
1903,PRS 1904,Química
1904,PRS 1905,Informática
1905,PRS 1906,Electrónica
1906,PRS 1907,Mecánica
1907,PRS 1908,Telecomunicaciones
1908,PRS 1909,Electrónica
1909,PRS 1910,Aeroespacial
1910,PRS 1911,Telecomunicaciones
1911,PRS 1912,Aeroespacial
1912,PRS 1913,Química
1913,PRS 1914,Mecánica
1914,PRS 1915,Electrónica
1915,PRS 1916,Mecánica
1916,PRS 1917,Química
1917,PRS 1918,Informática
1918,PRS 1919,Mecánica
1919,PRS 1920,Electrónica
1920,PRS 1921,Aeroespacial
1921,PRS 1922,Telecomunicaciones
1922,PRS 1923,Química
1923,PRS 1924,Química
1924,PRS 1925,Mecánica
1925,PRS 1926,Informática
1926,PRS 1927,Electrónica
1927,PRS 1928,Electrónica
1928,PRS 1929,Mecánica
1929,PRS 1930,Mecánica
1930,PRS 1931,Telecomunicaciones
1931,PRS 1932,Aeroespacial
1932,PRS 1933,Informática
1933,PRS 1934,Aeroespacial
1934,PRS 1935,Química
1935,PRS 1936,Química
1936,PRS 1937,Aeroespacial
1937,PRS 1938,Informática
1938,PRS 1939,Telecomunicaciones
1939,PRS 1940,Informática
1940,PRS 1941,Informática
1941,PRS 1942,Química
1942,PRS 1943,Química
1943,PRS 1944,Informática
1944,PRS 1945,Electrónica
1945,PRS 1946,Química
1946,PRS 1947,Química
1947,PRS 1948,Electrónica
1948,PRS 1949,Electrónica
1949,PRS 1950,Electrónica
1950,PRS 1951,Telecomunicaciones
1951,PRS 1952,Telecomunicaciones
1952,PRS 1953,Mecánica
1953,PRS 1954,Informática
1954,PRS 1955,Telecomunicaciones
1955,PRS 1956,Mecánica
1956,PRS 1957,Aeroespacial
1957,PRS 1958,Electrónica
1958,PRS 1959,Mecánica
1959,PRS 1960,Electrónica
1960,PRS 1961,Mecánica
1961,PRS 1962,Aeroespacial
1962,PRS 1963,Telecomunicaciones
1963,PRS 1964,Química
1964,PRS 1965,Informática
1965,PRS 1966,Aeroespacial
1966,PRS 1967,Electrónica
1967,PRS 1968,Mecánica
1968,PRS 1969,Mecánica
1969,PRS 1970,Telecomunicaciones
1970,PRS 1971,Química
1971,PRS 1972,Química
1972,PRS 1973,Telecomunicaciones
1973,PRS 1974,Mecánica
1974,PRS 1975,Mecánica
1975,PRS 1976,Informática
1976,PRS 1977,Mecánica
1977,PRS 1978,Aeroespacial
1978,PRS 1979,Electrónica
1979,PRS 1980,Química
1980,PRS 1981,Telecomunicaciones
1981,PRS 1982,Aeroespacial
1982,PRS 1983,Mecánica
1983,PRS 1984,Aeroespacial
1984,PRS 1985,Aeroespacial
1985,PRS 1986,Aeroespacial
1986,PRS 1987,Aeroespacial
1987,PRS 1988,Aeroespacial
1988,PRS 1989,Mecánica
1989,PRS 1990,Electrónica
1990,PRS 1991,Mecánica
1991,PRS 1992,Telecomunicaciones
1992,PRS 1993,Aeroespacial
1993,PRS 1994,Telecomunicaciones
1994,PRS 1995,Electrónica
1995,PRS 1996,Electrónica
1996,PRS 1997,Telecomunicaciones
1997,PRS 1998,Electrónica
1998,PRS 1999,Aeroespacial
1999,PRS 2000,Informática
